OID_,ORIG_FID,LINEARID,FULLNAME,RTTYP,MTFCC,Shape_Length,POINT_X,POINT_Y
1,1,110479893784,N 5th St,M,S1400,0.003773721694715,-76.897402999848509,40.295301999687581
2,1,110479893784,N 5th St,M,S1400,0.003773721694715,-76.897311681788665,40.296051152039070
3,1,110479893784,N 5th St,M,S1400,0.003773721694715,-76.897232035130287,40.296801603910922
4,1,110479893784,N 5th St,M,S1400,0.003773721694715,-76.897150064623759,40.297551759905843
5,1,110479893784,N 5th St,M,S1400,0.003773721694715,-76.897075553993602,40.298302779249923
6,1,110479893784,N 5th St,M,S1400,0.003773721694715,-76.896986000403558,40.299051999949882
7,2,110479893845,N 7th St,M,S1400,0.001847805691521,-76.893528000117101,40.295112999965056
8,2,110479893845,N 7th St,M,S1400,0.001847805691521,-76.893488280659597,40.295480408094420
9,2,110479893845,N 7th St,M,S1400,0.001847805691521,-76.893448903843819,40.295847862089204
10,2,110479893845,N 7th St,M,S1400,0.001847805691521,-76.893405987296433,40.296214846637895
11,2,110479893845,N 7th St,M,S1400,0.001847805691521,-76.893374439978402,40.296583001204567
12,2,110479893845,N 7th St,M,S1400,0.001847805691521,-76.893331000025569,40.296950000142431
13,3,1102303062091,N 3rd St,M,S1400,0.019824467847101,-76.901122999626693,40.291258000256562
14,3,1102303062091,N 3rd St,M,S1400,0.019824467847101,-76.899943382281208,40.294888455437899
15,3,1102303062091,N 3rd St,M,S1400,0.019824467847101,-76.899558764725157,40.298834186848296
16,3,1102303062091,N 3rd St,M,S1400,0.019824467847101,-76.898615738325645,40.302660299433342
17,3,1102303062091,N 3rd St,M,S1400,0.019824467847101,-76.897448966896263,40.306449331171734
18,3,1102303062091,N 3rd St,M,S1400,0.019824467847101,-76.896346999714240,40.310257999607074
19,4,110479893755,N 4th St,M,S1400,0.015022495876853,-76.898461000075031,40.295379999687270
20,4,110479893755,N 4th St,M,S1400,0.015022495876853,-76.898148483865384,40.298367486370466
21,4,110479893755,N 4th St,M,S1400,0.015022495876853,-76.897695118534841,40.301327312605451
22,4,110479893755,N 4th St,M,S1400,0.015022495876853,-76.896839974784996,40.304207538946798
23,4,110479893755,N 4th St,M,S1400,0.015022495876853,-76.895980630301835,40.307086508035979
24,4,110479893755,N 4th St,M,S1400,0.015022495876853,-76.895113000364631,40.309963000392202
25,5,110479893846,N 7th St,M,S1400,0.003452005614476,-76.893574999586519,40.291637999793920
26,5,110479893846,N 7th St,M,S1400,0.003452005614476,-76.893634598557867,40.292325823777787
27,5,110479893846,N 7th St,M,S1400,0.003452005614476,-76.893694140871844,40.293013652258310
28,5,110479893846,N 7th St,M,S1400,0.003452005614476,-76.893753673293361,40.293701478040816
29,5,110479893846,N 7th St,M,S1400,0.003452005614476,-76.893839870613476,40.294386345053852
30,5,110479893846,N 7th St,M,S1400,0.003452005614476,-76.893910999792752,40.295072999919057
31,7,110479897507,Manor St,M,S1400,0.003272669474468,-76.906021999815380,40.292464000113569
32,7,110479897507,Manor St,M,S1400,0.003272669474468,-76.905367855442137,40.292486436399997
33,7,110479897507,Manor St,M,S1400,0.003272669474468,-76.904714456606825,40.292471038207907
34,7,110479897507,Manor St,M,S1400,0.003272669474468,-76.904062060515628,40.292418227319388
35,7,110479897507,Manor St,M,S1400,0.003272669474468,-76.903409683310201,40.292365190701048
36,7,110479897507,Manor St,M,S1400,0.003272669474468,-76.902757000335271,40.292315999583764
37,8,110479906989,Owen St,M,S1400,0.001336546738696,-76.898951000188447,40.297501000370914
38,8,110479906989,Owen St,M,S1400,0.001336546738696,-76.898684325121451,40.297482600241835
39,8,110479906989,Owen St,M,S1400,0.001336546738696,-76.898417630269364,40.297464487895866
40,8,110479906989,Owen St,M,S1400,0.001336546738696,-76.898150821203387,40.297448179589878
41,8,110479906989,Owen St,M,S1400,0.001336546738696,-76.897883910513997,40.297433589888328
42,8,110479906989,Owen St,M,S1400,0.001336546738696,-76.897616999824663,40.297419000186778
43,9,1106092781229,Alricks St,M,S1400,0.004545207254223,-76.897423999917635,40.298792999697241
44,9,1106092781229,Alricks St,M,S1400,0.004545207254223,-76.896767073941248,40.299027731744502
45,9,1106092781229,Alricks St,M,S1400,0.004545207254223,-76.895860934134760,40.298955628599458
46,9,1106092781229,Alricks St,M,S1400,0.004545207254223,-76.894953941770950,40.298894697732180
47,9,1106092781229,Alricks St,M,S1400,0.004545207254223,-76.894046528524427,40.298840383177208
48,9,1106092781229,Alricks St,M,S1400,0.004545207254223,-76.893139000164695,40.298788000365960
49,10,1102169831699,Yetter Aly,M,S1730,0.000160798176840,-76.899527999817280,40.295455999594765
50,10,1102169831699,Yetter Aly,M,S1730,0.000160798176840,-76.899524800029440,40.295487999271813
51,10,1102169831699,Yetter Aly,M,S1730,0.000160798176840,-76.899521600241599,40.295519999848182
52,10,1102169831699,Yetter Aly,M,S1730,0.000160798176840,-76.899518399554438,40.295551999525230
53,10,1102169831699,Yetter Aly,M,S1730,0.000160798176840,-76.899515199766597,40.295584000101599
54,10,1102169831699,Yetter Aly,M,S1730,0.000160798176840,-76.899511999978756,40.295615999778647
55,11,1102169839330,Joseph Aly,M,S1730,0.001849480788521,-76.893808000438810,40.296976000442100
56,11,1102169839330,Joseph Aly,M,S1730,0.001849480788521,-76.893779383112019,40.297344685608834
57,11,1102169839330,Joseph Aly,M,S1730,0.001849480788521,-76.893729288176075,40.297711162040571
58,11,1102169839330,Joseph Aly,M,S1730,0.001849480788521,-76.893697799313941,40.298079554028220
59,11,1102169839330,Joseph Aly,M,S1730,0.001849480788521,-76.893668923881705,40.298448316536621
60,11,1102169839330,Joseph Aly,M,S1730,0.001849480788521,-76.893638999839936,40.298816999904659
61,12,1102169839620,Agnes Aly,M,S1730,0.000879533567121,-76.896728000197015,40.297172999634256
62,12,1102169839620,Agnes Aly,M,S1730,0.000879533567121,-76.896706599929587,40.297347599412262
63,12,1102169839620,Agnes Aly,M,S1730,0.000879533567121,-76.896685199662215,40.297522200089531
64,12,1102169839620,Agnes Aly,M,S1730,0.000879533567121,-76.896663800294107,40.297696799867481
65,12,1102169839620,Agnes Aly,M,S1730,0.000879533567121,-76.896642400026678,40.297871400544750
66,12,1102169839620,Agnes Aly,M,S1730,0.000879533567121,-76.896620999759307,40.298046000322699
67,15,1102169902221,Susquehanna St,M,S1400,0.008882175925006,-76.899511999978756,40.301838999870029
68,15,1102169902221,Susquehanna St,M,S1400,0.008882175925006,-76.898979112995619,40.303533585206821
69,15,1102169902221,Susquehanna St,M,S1400,0.008882175925006,-76.898470932187706,40.305235727546858
70,15,1102169902221,Susquehanna St,M,S1400,0.008882175925006,-76.897963109310012,40.306937556023456
71,15,1102169902221,Susquehanna St,M,S1400,0.008882175925006,-76.897458871129970,40.308640711000066
72,15,1102169902221,Susquehanna St,M,S1400,0.008882175925006,-76.896985000357461,40.310350000252356
73,16,1102169915295,Fifth St,M,S1400,0.000539737916163,-76.896611000197481,40.302737999958765
74,16,1102169915295,Fifth St,M,S1400,0.000539737916163,-76.896586800340515,40.302843199953770
75,16,1102169915295,Fifth St,M,S1400,0.000539737916163,-76.896562600483605,40.302948399948775
76,16,1102169915295,Fifth St,M,S1400,0.000539737916163,-76.896538399727319,40.303053599943723
77,16,1102169915295,Fifth St,M,S1400,0.000539737916163,-76.896514199870410,40.303158799938728
78,16,1102169915295,Fifth St,M,S1400,0.000539737916163,-76.896490000013443,40.303263999933677
79,17,1105089470204,Front St,M,S1400,0.001158692698151,-76.899573000093824,40.309646000162843
80,17,1105089470204,Front St,M,S1400,0.001158692698151,-76.899367157868028,40.309752450215456
81,17,1105089470204,Front St,M,S1400,0.001158692698151,-76.899166726862916,40.309867693839067
82,17,1105089470204,Front St,M,S1400,0.001158692698151,-76.898978943923112,40.310003489669384
83,17,1105089470204,Front St,M,S1400,0.001158692698151,-76.898790177124908,40.310137743162386
84,17,1105089470204,Front St,M,S1400,0.001158692698151,-76.898587999636447,40.310251000183541
85,19,1102303370974,Edward St,M,S1400,0.008770845297936,-76.905038000303421,40.297152999611285
86,19,1102303370974,Edward St,M,S1400,0.008770845297936,-76.903286825126827,40.297050928357692
87,19,1102303370974,Edward St,M,S1400,0.008770845297936,-76.901535530340425,40.296950692620442
88,19,1102303370974,Edward St,M,S1400,0.008770845297936,-76.899784229258728,40.296850590882116
89,19,1102303370974,Edward St,M,S1400,0.008770845297936,-76.898032894002824,40.296756707056431
90,19,1102303370974,Edward St,M,S1400,0.008770845297936,-76.896282000314045,40.296650999843848
91,20,1106087392619,Hoffman St,M,S1400,0.003757354057072,-76.896387999806279,40.295818000100667
92,20,1106087392619,Hoffman St,M,S1400,0.003757354057072,-76.896290513296492,40.296558394854117
93,20,1106087392619,Hoffman St,M,S1400,0.003757354057072,-76.896214195928337,40.297305948210976
94,20,1106087392619,Hoffman St,M,S1400,0.003757354057072,-76.896135504350013,40.298053286629909
95,20,1106087392619,Hoffman St,M,S1400,0.003757354057072,-76.896059828198474,40.298800938012960
96,20,1106087392619,Hoffman St,M,S1400,0.003757354057072,-76.896043000084376,40.299551999625123
97,21,110479904354,Parkside Ln,M,S1400,0.003362345400277,-76.901773999970089,40.291223999587942
98,21,110479904354,Parkside Ln,M,S1400,0.003362345400277,-76.901681980438980,40.291890142715943
99,21,110479904354,Parkside Ln,M,S1400,0.003362345400277,-76.901586953575020,40.292555814599211
100,21,110479904354,Parkside Ln,M,S1400,0.003362345400277,-76.901500217560965,40.293222554877048
101,21,110479904354,Parkside Ln,M,S1400,0.003362345400277,-76.901914617065870,40.293507029326008
102,21,110479904354,Parkside Ln,M,S1400,0.003362345400277,-76.902585999644145,40.293544999602091
103,22,110479897312,Klemm St,M,S1400,0.002804094935317,-76.900224000437220,40.298942000273144
104,22,110479897312,Klemm St,M,S1400,0.002804094935317,-76.899664298368634,40.298906644326223
105,22,110479897312,Klemm St,M,S1400,0.002804094935317,-76.899104422730886,40.298874173404442
106,22,110479897312,Klemm St,M,S1400,0.002804094935317,-76.898544439174486,40.298843567676556
107,22,110479897312,Klemm St,M,S1400,0.002804094935317,-76.897984357592009,40.298814835236499
108,22,110479897312,Klemm St,M,S1400,0.002804094935317,-76.897423999917635,40.298792999697241
109,24,1102169831844,Paul Aly,M,S1730,0.000934481565424,-76.901187999926208,40.298658999813028
110,24,1102169831844,Paul Aly,M,S1730,0.000934481565424,-76.901001199945370,40.298652999536330
111,24,1102169831844,Paul Aly,M,S1730,0.000934481565424,-76.900814399964531,40.298647000159008
112,24,1102169831844,Paul Aly,M,S1730,0.000934481565424,-76.900627599983693,40.298640999882309
113,24,1102169831844,Paul Aly,M,S1730,0.000934481565424,-76.900440800002855,40.298635000504930
114,24,1102169831844,Paul Aly,M,S1730,0.000934481565424,-76.900254000022016,40.298629000228232
115,25,1102390232245,Joseph St,M,S1400,0.001906204887644,-76.894003999584868,40.295080000241853
116,25,1102390232245,Joseph St,M,S1400,0.001906204887644,-76.893968882857621,40.295459620265319
117,25,1102390232245,Joseph St,M,S1400,0.001906204887644,-76.893933445971697,40.295839210611121
118,25,1102390232245,Joseph St,M,S1400,0.001906204887644,-76.893894096135568,40.296218398060660
119,25,1102390232245,Joseph St,M,S1400,0.001906204887644,-76.893850264078367,40.296597109768868
120,25,1102390232245,Joseph St,M,S1400,0.001906204887644,-76.893808000438810,40.296976000442100
121,26,1102384580859,Agnes St,M,S1400,0.000494144983114,-76.896773999620336,40.296681000327965
122,26,1102384580859,Agnes St,M,S1400,0.000494144983114,-76.896764799555797,40.296779400548928
123,26,1102384580859,Agnes St,M,S1400,0.000494144983114,-76.896755599491257,40.296877799870629
124,26,1102384580859,Agnes St,M,S1400,0.000494144983114,-76.896746400326094,40.296976200091592
125,26,1102384580859,Agnes St,M,S1400,0.000494144983114,-76.896737200261555,40.297074599413293
126,26,1102384580859,Agnes St,M,S1400,0.000494144983114,-76.896728000197015,40.297172999634256
127,27,1102384697220,Hoffman St,M,S1400,0.000586875537768,-76.896466999852123,40.295237000287386
128,27,1102384697220,Hoffman St,M,S1400,0.000586875537768,-76.896448087109491,40.295352841960153
129,27,1102384697220,Hoffman St,M,S1400,0.000586875537768,-76.896435317635735,40.295469459747835
130,27,1102384697220,Hoffman St,M,S1400,0.000586875537768,-76.896424809956955,40.295586363519931
131,27,1102384697220,Hoffman St,M,S1400,0.000586875537768,-76.896409422556758,40.295702596397746
132,27,1102384697220,Hoffman St,M,S1400,0.000586875537768,-76.896387999806279,40.295818000100667
133,28,110479896751,Edwin Ave,M,S1400,0.006619745566994,-76.901634999855332,40.306889999873647
134,28,110479896751,Edwin Ave,M,S1400,0.006619745566994,-76.900330570999017,40.306663513710248
135,28,110479896751,Edwin Ave,M,S1400,0.006619745566994,-76.899024412746428,40.306447219563609
136,28,110479896751,Edwin Ave,M,S1400,0.006619745566994,-76.897720991130825,40.306215100046870
137,28,110479896751,Edwin Ave,M,S1400,0.006619745566994,-76.896417809634158,40.305981556004042
138,28,110479896751,Edwin Ave,M,S1400,0.006619745566994,-76.895115999603661,40.305744000085610
139,30,110479900155,Antoine St,M,S1400,0.003868036727155,-76.897291000079576,40.296250000237364
140,30,110479900155,Antoine St,M,S1400,0.003868036727155,-76.896518638924022,40.296206187965254
141,30,110479900155,Antoine St,M,S1400,0.003868036727155,-76.895746340721018,40.296161957508389
142,30,110479900155,Antoine St,M,S1400,0.003868036727155,-76.894973803298342,40.296122381942439
143,30,110479900155,Antoine St,M,S1400,0.003868036727155,-76.894203952150633,40.296063567179942
144,30,110479900155,Antoine St,M,S1400,0.003868036727155,-76.893432000186635,40.296013000099947
145,31,110479897474,Logan St,M,S1400,0.008217828305476,-76.899174999726426,40.295432000286610
146,31,110479897474,Logan St,M,S1400,0.008217828305476,-76.898996083202633,40.297065711413495
147,31,110479897474,Logan St,M,S1400,0.008217828305476,-76.898843790208730,40.298702162774646
148,31,110479897474,Logan St,M,S1400,0.008217828305476,-76.898671352400982,40.300336308274041
149,31,110479897474,Logan St,M,S1400,0.008217828305476,-76.898173698157620,40.301899897462363
150,31,110479897474,Logan St,M,S1400,0.008217828305476,-76.897675999847479,40.303466000255753
151,32,1102169839570,Agnes St,M,S1400,0.000592121223360,-76.896923000196239,40.295267999918337
152,32,1102169839570,Agnes St,M,S1400,0.000592121223360,-76.896902878764820,40.295384702242245
153,32,1102169839570,Agnes St,M,S1400,0.000592121223360,-76.896886326742560,40.295501910884525
154,32,1102169839570,Agnes St,M,S1400,0.000592121223360,-76.896873218224414,40.295619606959349
155,32,1102169839570,Agnes St,M,S1400,0.000592121223360,-76.896860108806948,40.295737303933493
156,32,1102169839570,Agnes St,M,S1400,0.000592121223360,-76.896847000288801,40.295855000008316
157,33,1102169902737,River St,M,S1400,0.002523589749760,-76.900744000135433,40.306734999920366
158,33,1102169902737,River St,M,S1400,0.002523589749760,-76.900600764213834,40.307218966482196
159,33,1102169902737,River St,M,S1400,0.002523589749760,-76.900457528292236,40.307702933043970
160,33,1102169902737,River St,M,S1400,0.002523589749760,-76.900314293269957,40.308186899605801
161,33,1102169902737,River St,M,S1400,0.002523589749760,-76.900171057348359,40.308670866167574
162,33,1102169902737,River St,M,S1400,0.002523589749760,-76.900051999699997,40.309161000279971
163,35,1104474139248,Front St,M,S1400,0.011232030213238,-76.904478999706043,40.298498999629203
164,35,1104474139248,Front St,M,S1400,0.011232030213238,-76.903642759705576,40.300583380818409
165,35,1104474139248,Front St,M,S1400,0.011232030213238,-76.902904320977598,40.302704662090548
166,35,1104474139248,Front St,M,S1400,0.011232030213238,-76.902175504995512,40.304829273552173
167,35,1104474139248,Front St,M,S1400,0.011232030213238,-76.901517478248991,40.306976797041614
168,35,1104474139248,Front St,M,S1400,0.011232030213238,-76.900628000181996,40.308982000119272
169,36,110479899225,Graham St,M,S1400,0.002415028187925,-76.904514999567539,40.295730999685929
170,36,110479899225,Graham St,M,S1400,0.002415028187925,-76.904032765999318,40.295703698067257
171,36,110479899225,Graham St,M,S1400,0.002415028187925,-76.903551009971068,40.295670987026483
172,36,110479899225,Graham St,M,S1400,0.002415028187925,-76.903068565961519,40.295647722464480
173,36,110479899225,Graham St,M,S1400,0.002415028187925,-76.902586349480430,40.295620127666837
174,36,110479899225,Graham St,M,S1400,0.002415028187925,-76.902103999899623,40.295594999709522
175,37,110479897567,Marie Aly,M,S1400,0.001844375943415,-76.894779000250651,40.297037999704003
176,37,110479897567,Marie Aly,M,S1400,0.001844375943415,-76.894730926990633,40.297403720705177
177,37,110479897567,Marie Aly,M,S1400,0.001844375943415,-76.894693774198288,40.297770720542360
178,37,110479897567,Marie Aly,M,S1400,0.001844375943415,-76.894664090275512,40.298138367891397
179,37,110479897567,Marie Aly,M,S1400,0.001844375943415,-76.894621925561353,40.298504781370639
180,37,110479897567,Marie Aly,M,S1400,0.001844375943415,-76.894587000389720,40.298871999743028
181,38,1102169831807,Crum St,M,S1400,0.000161245340228,-76.896672000312549,40.299018000180638
182,38,1102169831807,Crum St,M,S1400,0.000161245340228,-76.896668000128045,40.299049999857687
183,38,1102169831807,Crum St,M,S1400,0.000161245340228,-76.896663999943598,40.299082000433998
184,38,1102169831807,Crum St,M,S1400,0.000161245340228,-76.896660000658471,40.299114000111047
185,38,1102169831807,Crum St,M,S1400,0.000161245340228,-76.896656000474024,40.299146000687415
186,38,1102169831807,Crum St,M,S1400,0.000161245340228,-76.896652000289521,40.299178000364464
187,39,1102302569787,Crum Aly,M,S1400,0.000425647633637,-76.896652000289521,40.299178000364464
188,39,1102302569787,Crum Aly,M,S1400,0.000425647633637,-76.896640947621620,40.299262408933089
189,39,1102302569787,Crum Aly,M,S1400,0.000425647633637,-76.896630230400774,40.299346861568438
190,39,1102302569787,Crum Aly,M,S1400,0.000425647633637,-76.896619514079248,40.299431314203844
191,39,1102302569787,Crum Aly,M,S1400,0.000425647633637,-76.896595813346096,40.299512541870342
192,39,1102302569787,Crum Aly,M,S1400,0.000425647633637,-76.896568000013133,40.299592999717220
193,40,110479899226,Graham St,M,S1400,0.006384137119668,-76.899889000277085,40.295480999848337
194,40,110479899226,Graham St,M,S1400,0.006384137119668,-76.898615363308352,40.295390893175238
195,40,110479899226,Graham St,M,S1400,0.006384137119668,-76.897341965559235,40.295297515667869
196,40,110479899226,Graham St,M,S1400,0.006384137119668,-76.896068207181997,40.295209180659185
197,40,110479899226,Graham St,M,S1400,0.006384137119668,-76.894793660998630,40.295134600781239
198,40,110479899226,Graham St,M,S1400,0.006384137119668,-76.893528000117101,40.295112999965056
199,42,110479904571,Woodland St,M,S1400,0.001543160361295,-76.895274999741389,40.293372999764188
200,42,110479904571,Woodland St,M,S1400,0.001543160361295,-76.894967156409109,40.293395026859059
201,42,110479904571,Woodland St,M,S1400,0.001543160361295,-76.894659394915095,40.293418186200370
202,42,110479904571,Woodland St,M,S1400,0.001543160361295,-76.894351581260423,40.293440617090880
203,42,110479904571,Woodland St,M,S1400,0.001543160361295,-76.894043790088801,40.293463297992844
204,42,110479904571,Woodland St,M,S1400,0.001543160361295,-76.893735999816499,40.293485999579275
205,45,110479904299,Montrose St,M,S1400,0.006811123620359,-76.902440000105855,40.304301000091129
206,45,110479904299,Montrose St,M,S1400,0.006811123620359,-76.901097064078215,40.304072580385309
207,45,110479904299,Montrose St,M,S1400,0.006811123620359,-76.899755960868845,40.303833679980414
208,45,110479904299,Montrose St,M,S1400,0.006811123620359,-76.898415159831700,40.303593051078508
209,45,110479904299,Montrose St,M,S1400,0.006811123620359,-76.897072695048792,40.303361915420112
210,45,110479904299,Montrose St,M,S1400,0.006811123620359,-76.895728999993310,40.303138000418414
211,46,1102169902529,Logan Ave,M,S1400,0.002714956665946,-76.897675999847479,40.303466000255753
212,46,1102169902529,Logan Ave,M,S1400,0.002714956665946,-76.897525069326434,40.303987593552677
213,46,1102169902529,Logan Ave,M,S1400,0.002714956665946,-76.897374138805446,40.304509186849543
214,46,1102169902529,Logan Ave,M,S1400,0.002714956665946,-76.897223208284402,40.305030780146467
215,46,1102169902529,Logan Ave,M,S1400,0.002714956665946,-76.897066457351116,40.305550643147740
216,46,1102169902529,Logan Ave,M,S1400,0.002714956665946,-76.896908000403869,40.306069999830697
217,48,110479894973,Kemp Aly,M,S1400,0.003544809587857,-76.895973999600358,40.295429000148317
218,48,110479894973,Kemp Aly,M,S1400,0.003544809587857,-76.895846306661667,40.296114454418614
219,48,110479894973,Kemp Aly,M,S1400,0.003544809587857,-76.895783350521185,40.296820534640005
220,48,110479894973,Kemp Aly,M,S1400,0.003544809587857,-76.895726552938015,40.297527183232944
221,48,110479894973,Kemp Aly,M,S1400,0.003544809587857,-76.895654968701820,40.298232402803194
222,48,110479894973,Kemp Aly,M,S1400,0.003544809587857,-76.895567999763330,40.298935999996445
223,49,1102303370984,Edward St,M,S1400,0.000959700921513,-76.896289999783619,40.296566000420626
224,49,1102303370984,Edward St,M,S1400,0.000959700921513,-76.896098421704778,40.296554212107253
225,49,1102303370984,Edward St,M,S1400,0.000959700921513,-76.895906848122479,40.296542361740649
226,49,1102303370984,Edward St,M,S1400,0.000959700921513,-76.895715224178218,40.296531392709653
227,49,1102303370984,Edward St,M,S1400,0.000959700921513,-76.895523630810885,40.296519864300365
228,49,1102303370984,Edward St,M,S1400,0.000959700921513,-76.895331999672010,40.296508999590685
229,50,110479900045,Vaughn St,M,S1400,0.005523091566565,-76.901550999578944,40.299902999623782
230,50,110479900045,Vaughn St,M,S1400,0.005523091566565,-76.900449491051120,40.299820281780626
231,50,110479900045,Vaughn St,M,S1400,0.005523091566565,-76.899348343151473,40.299732872174388
232,50,110479900045,Vaughn St,M,S1400,0.005523091566565,-76.898247009092131,40.299647822389147
233,50,110479900045,Vaughn St,M,S1400,0.005523091566565,-76.897145456497583,40.299571999648094
234,50,110479900045,Vaughn St,M,S1400,0.005523091566565,-76.896043000084376,40.299551999625123
235,51,110479905745,Susquehanna St,M,S1400,0.001402201118566,-76.900909999696694,40.296916000373187
236,51,110479905745,Susquehanna St,M,S1400,0.001402201118566,-76.900832827972579,40.297185613525301
237,51,110479905745,Susquehanna St,M,S1400,0.001402201118566,-76.900749686548750,40.297453317416739
238,51,110479905745,Susquehanna St,M,S1400,0.001402201118566,-76.900665424569638,40.297720238897966
239,51,110479905745,Susquehanna St,M,S1400,0.001402201118566,-76.900621986415501,40.297997203108480
240,51,110479905745,Susquehanna St,M,S1400,0.001402201118566,-76.900602999928481,40.298277000183475
241,52,1106092812375,Marie St,M,S1400,0.007330893358006,-76.894542000113177,40.291590000278347
242,52,1106092812375,Marie St,M,S1400,0.007330893358006,-76.894713019690073,40.293046169944830
243,52,1106092812375,Marie St,M,S1400,0.007330893358006,-76.894880620943866,40.294502698440851
244,52,1106092812375,Marie St,M,S1400,0.007330893358006,-76.894895583864070,40.295956868914402
245,52,1106092812375,Marie St,M,S1400,0.007330893358006,-76.894729988098447,40.297412995413481
246,52,1106092812375,Marie St,M,S1400,0.007330893358006,-76.894587000389720,40.298871999743028
247,55,1102384696981,Kemp St,M,S1400,0.000227035818364,-76.895977999784805,40.295201999572669
248,55,1102384696981,Kemp St,M,S1400,0.000227035818364,-76.895977199388199,40.295247400047515
249,55,1102384696981,Kemp St,M,S1400,0.000227035818364,-76.895976399890912,40.295292799623041
250,55,1102384696981,Kemp St,M,S1400,0.000227035818364,-76.895975599494307,40.295338200097888
251,55,1102384696981,Kemp St,M,S1400,0.000227035818364,-76.895974799996964,40.295383599673414
252,55,1102384696981,Kemp St,M,S1400,0.000227035818364,-76.895973999600358,40.295429000148317
253,57,110479900195,Bergner St,M,S1400,0.005524122509224,-76.903082000034260,40.302463999913698
254,57,110479900195,Bergner St,M,S1400,0.005524122509224,-76.901993769097146,40.302273242915874
255,57,110479900195,Bergner St,M,S1400,0.005524122509224,-76.900905405959691,40.302083241348555
256,57,110479900195,Bergner St,M,S1400,0.005524122509224,-76.899817239773768,40.301892118326634
257,57,110479900195,Bergner St,M,S1400,0.005524122509224,-76.898728662597648,40.301703363219701
258,57,110479900195,Bergner St,M,S1400,0.005524122509224,-76.897638999939829,40.301520999594516
259,58,1102390193023,Penn St,M,S1400,0.008332866888031,-76.900881000157995,40.302079000145795
260,58,1102390193023,Penn St,M,S1400,0.008332866888031,-76.900407165358331,40.303676795048091
261,58,1102390193023,Penn St,M,S1400,0.008332866888031,-76.899933644422106,40.305274676285308
262,58,1102390193023,Penn St,M,S1400,0.008332866888031,-76.899449434144060,40.306869159883888
263,58,1102390193023,Penn St,M,S1400,0.008332866888031,-76.898974719807427,40.308466668801771
264,58,1102390193023,Penn St,M,S1400,0.008332866888031,-76.898512999775107,40.310067999838395
265,59,1105089475214,Front St,M,S1400,0.001257532206334,-76.899573000093824,40.309646000162843
266,59,1105089475214,Front St,M,S1400,0.001257532206334,-76.899775575082685,40.309496940231668
267,59,1105089475214,Front St,M,S1400,0.001257532206334,-76.899978150071547,40.309347880300493
268,59,1105089475214,Front St,M,S1400,0.001257532206334,-76.900180725060352,40.309198820369318
269,59,1105089475214,Front St,M,S1400,0.001257532206334,-76.900389400150630,40.309061533463080
270,59,1105089475214,Front St,M,S1400,0.001257532206334,-76.900628000181996,40.308982000119272
271,60,1102169915255,Ramsey St,M,S1400,0.002114573844314,-76.896609000105229,40.300612999989994
272,60,1102169915255,Ramsey St,M,S1400,0.002114573844314,-76.896566090752458,40.301033732520807
273,60,1102169915255,Ramsey St,M,S1400,0.002114573844314,-76.896525632052260,40.301454679989547
274,60,1102169915255,Ramsey St,M,S1400,0.002114573844314,-76.896494644112522,40.301876457532558
275,60,1102169915255,Ramsey St,M,S1400,0.002114573844314,-76.896457624419781,40.302297698180269
276,60,1102169915255,Ramsey St,M,S1400,0.002114573844314,-76.896432000036725,40.302715999843542
277,61,1102338741095, , ,S1400,0.001298193122904,-76.900744000135433,40.306734999920366
278,61,1102338741095, , ,S1400,0.001298193122904,-76.900823400379579,40.306487799672254
279,61,1102338741095, , ,S1400,0.001298193122904,-76.900902799724406,40.306240599424200
280,61,1102338741095, , ,S1400,0.001298193122904,-76.900982199968496,40.305993400075408
281,61,1102338741095, , ,S1400,0.001298193122904,-76.901061599313323,40.305746199827297
282,61,1102338741095, , ,S1400,0.001298193122904,-76.901140999557470,40.305498999579243
283,62,110479901101,Angenese St,M,S1400,0.001938678786318,-76.895266000225718,40.297069000234217
284,62,110479901101,Angenese St,M,S1400,0.001938678786318,-76.894879062418738,40.297044188838299
285,62,110479901101,Angenese St,M,S1400,0.001938678786318,-76.894492154289424,40.297018901700994
286,62,110479901101,Angenese St,M,S1400,0.001938678786318,-76.894105178711015,40.296994636193574
287,62,110479901101,Angenese St,M,S1400,0.001938678786318,-76.893718167159648,40.296970975030547
288,62,110479901101,Angenese St,M,S1400,0.001938678786318,-76.893331000025569,40.296950000142431
289,63,1102302701208,Martina St,M,S1400,0.001448274326815,-76.899820999839221,40.296163999868725
290,63,1102302701208,Martina St,M,S1400,0.001448274326815,-76.899531785963120,40.296148025211266
291,63,1102302701208,Martina St,M,S1400,0.001448274326815,-76.899242572986338,40.296132031667980
292,63,1102302701208,Martina St,M,S1400,0.001448274326815,-76.898953367204115,40.296116022836259
293,63,1102302701208,Martina St,M,S1400,0.001448274326815,-76.898664191998819,40.296099363794667
294,63,1102302701208,Martina St,M,S1400,0.001448274326815,-76.898374999706448,40.296082999730686
295,64,1102302569784,Crum Aly,M,S1400,0.000199118646653,-76.896986000403558,40.299051999949882
296,64,1102302569784,Crum Aly,M,S1400,0.000199118646653,-76.897025616439009,40.299056062187560
297,64,1102302569784,Crum Aly,M,S1400,0.000199118646653,-76.897065238769699,40.299060057875408
298,64,1102302569784,Crum Aly,M,S1400,0.000199118646653,-76.897104861999765,40.299064053563256
299,64,1102302569784,Crum Aly,M,S1400,0.000199118646653,-76.897144483431134,40.299068060042998
300,64,1102302569784,Crum Aly,M,S1400,0.000199118646653,-76.897183999641811,40.299073000019007
301,65,110479904362,Pennwood Rd,M,S1400,0.003745543277725,-76.894490999559935,40.295119000241698
302,65,110479904362,Pennwood Rd,M,S1400,0.003745543277725,-76.894422104296609,40.295864921329098
303,65,110479904362,Pennwood Rd,M,S1400,0.003745543277725,-76.894337949336830,40.296609122013422
304,65,110479904362,Pennwood Rd,M,S1400,0.003745543277725,-76.894247321956300,40.297352707561458
305,65,110479904362,Pennwood Rd,M,S1400,0.003745543277725,-76.894172640454940,40.298097973043070
306,65,110479904362,Pennwood Rd,M,S1400,0.003745543277725,-76.894104999745878,40.298844000250483
307,67,110479904888,Jefferson St,M,S1400,0.003531306328319,-76.894068999884382,40.291613000439668
308,67,110479904888,Jefferson St,M,S1400,0.003531306328319,-76.894153226789967,40.292314221624054
309,67,110479904888,Jefferson St,M,S1400,0.003531306328319,-76.894237374555132,40.293015451801693
310,67,110479904888,Jefferson St,M,S1400,0.003531306328319,-76.894321418898301,40.293716694569866
311,67,110479904888,Jefferson St,M,S1400,0.003531306328319,-76.894405876929625,40.294417887875284
312,67,110479904888,Jefferson St,M,S1400,0.003531306328319,-76.894490999559935,40.295119000241698
313,68,110479897475,Logan St,M,S1400,0.004213218070957,-76.896908000403869,40.306069999830697
314,68,110479897475,Logan St,M,S1400,0.004213218070957,-76.896674619138309,40.306879679253825
315,68,110479897475,Logan St,M,S1400,0.004213218070957,-76.896434906645595,40.307687493483115
316,68,110479897475,Logan St,M,S1400,0.004213218070957,-76.896191567187032,40.308494222230649
317,68,110479897475,Logan St,M,S1400,0.004213218070957,-76.895943311134886,40.309299466197444
318,68,110479897475,Logan St,M,S1400,0.004213218070957,-76.895696000270163,40.310104999745988
319,69,1102302701205,Martina St,M,S1400,0.002906520028966,-76.897808999685537,40.295917000169482
320,69,1102302701205,Martina St,M,S1400,0.002906520028966,-76.897229038589217,40.295877526226889
321,69,1102302701205,Martina St,M,S1400,0.002906520028966,-76.896648761830875,40.295843013844092
322,69,1102302701205,Martina St,M,S1400,0.002906520028966,-76.896068980598955,40.295804277345553
323,69,1102302701205,Martina St,M,S1400,0.002906520028966,-76.895488455627685,40.295774207613647
324,69,1102302701205,Martina St,M,S1400,0.002906520028966,-76.894907999904206,40.295743000239327
325,70,110479906914, , ,S1400,0.001465821307880,-76.896728000197015,40.297172999634256
326,70,110479906914, , ,S1400,0.001465821307880,-76.896436055979166,40.297146286172222
327,70,110479906914, , ,S1400,0.001465821307880,-76.896143807790452,40.297123306695312
328,70,110479906914, , ,S1400,0.001465821307880,-76.895851173792607,40.297105687177748
329,70,110479906914, , ,S1400,0.001465821307880,-76.895558592854741,40.297087301437841
330,70,110479906914, , ,S1400,0.001465821307880,-76.895266000225718,40.297069000234217
331,71,110479895362,Penn St,M,S1400,0.004524330763763,-76.903091000449251,40.295649000401113
332,71,110479895362,Penn St,M,S1400,0.004524330763763,-76.902784508797993,40.296500379588906
333,71,110479895362,Penn St,M,S1400,0.004524330763763,-76.902478847221005,40.297352042962473
334,71,110479895362,Penn St,M,S1400,0.004524330763763,-76.902174099355136,40.298204030991315
335,71,110479895362,Penn St,M,S1400,0.004524330763763,-76.901866307284195,40.299054848102799
336,71,110479895362,Penn St,M,S1400,0.004524330763763,-76.901550999578944,40.299902999623782
337,72,1103275453485,Angenese St,M,S1400,0.000454763006767,-76.897181000402782,40.297212999680255
338,72,1103275453485,Angenese St,M,S1400,0.000454763006767,-76.897090409894474,40.297204894090669
339,72,1103275453485,Angenese St,M,S1400,0.000454763006767,-76.896999819386110,40.297196788501026
340,72,1103275453485,Angenese St,M,S1400,0.000454763006767,-76.896909213589311,40.297188847487348
341,72,1103275453485,Angenese St,M,S1400,0.000454763006767,-76.896818606893135,40.297180923560802
342,72,1103275453485,Angenese St,M,S1400,0.000454763006767,-76.896728000197015,40.297172999634256
343,73,1102169839669,Agnes St,M,S1400,0.000964303173401,-76.896620999759307,40.298046000322699
344,73,1102169839669,Agnes St,M,S1400,0.000964303173401,-76.896600800086844,40.298237800534139
345,73,1102169839669,Agnes St,M,S1400,0.000964303173401,-76.896580599515005,40.298429599846202
346,73,1102169839669,Agnes St,M,S1400,0.000964303173401,-76.896560399842542,40.298621400057641
347,73,1102169839669,Agnes St,M,S1400,0.000964303173401,-76.896540199270760,40.298813199369704
348,73,1102169839669,Agnes St,M,S1400,0.000964303173401,-76.896519999598240,40.299004999581143
349,74,110479904757,Estherton Ave,M,S1400,0.005677201223653,-76.900121000183958,40.308839999866166
350,74,110479904757,Estherton Ave,M,S1400,0.005677201223653,-76.899000309116957,40.308657611059971
351,74,110479904757,Estherton Ave,M,S1400,0.005677201223653,-76.897880816846168,40.308468373916355
352,74,110479904757,Estherton Ave,M,S1400,0.005677201223653,-76.896764499182268,40.308260926400692
353,74,110479904757,Estherton Ave,M,S1400,0.005677201223653,-76.895645702986769,40.308067232217070
354,74,110479904757,Estherton Ave,M,S1400,0.005677201223653,-76.894527000320750,40.307873000238828
355,75,1102169902147,Fulton St,M,S1400,0.005764055198293,-76.896490000013443,40.303263999933677
356,75,1102169902147,Fulton St,M,S1400,0.005764055198293,-76.896163007416817,40.304369463679848
357,75,1102169902147,Fulton St,M,S1400,0.005764055198293,-76.895836015719510,40.305474926526699
358,75,1102169902147,Fulton St,M,S1400,0.005764055198293,-76.895505790959419,40.306579426199619
359,75,1102169902147,Fulton St,M,S1400,0.005764055198293,-76.895174064331570,40.307683478010176
360,75,1102169902147,Fulton St,M,S1400,0.005764055198293,-76.894880999558438,40.308797999727972
361,76,110479900695,Hurlock St,M,S1400,0.001850602534992,-76.897880000261750,40.300707999874362
362,76,110479900695,Hurlock St,M,S1400,0.001850602534992,-76.897511136129992,40.300677547930547
363,76,110479900695,Hurlock St,M,S1400,0.001850602534992,-76.897142194656510,40.300648033979655
364,76,110479900695,Hurlock St,M,S1400,0.001850602534992,-76.896772943816245,40.300622797204369
365,76,110479900695,Hurlock St,M,S1400,0.001850602534992,-76.896403480736012,40.300600746727127
366,76,110479900695,Hurlock St,M,S1400,0.001850602534992,-76.896033999669328,40.300579000220750
367,77,110479901309,Florence St,M,S1400,0.001691055006947,-76.897066999642277,40.300642000428013
368,77,110479901309,Florence St,M,S1400,0.001691055006947,-76.897037499181181,40.300978922439356
369,77,110479901309,Florence St,M,S1400,0.001691055006947,-76.897008085055063,40.301315851645313
370,77,110479901309,Florence St,M,S1400,0.001691055006947,-76.896978607077017,40.301652775455295
371,77,110479901309,Florence St,M,S1400,0.001691055006947,-76.896944544355222,40.301989263094072
372,77,110479901309,Florence St,M,S1400,0.001691055006947,-76.896912999735093,40.302325999845095
373,78,1102390230749,Lewis St,M,S1400,0.008448923623941,-76.904573999590355,40.298506999998096
374,78,1102390230749,Lewis St,M,S1400,0.008448923623941,-76.902887450595358,40.298403381011269
375,78,1102390230749,Lewis St,M,S1400,0.008448923623941,-76.901200380892817,40.298307711131997
376,78,1102390230749,Lewis St,M,S1400,0.008448923623941,-76.899513357955072,40.298211611376814
377,78,1102390230749,Lewis St,M,S1400,0.008448923623941,-76.897826422251569,40.298113859567025
378,78,1102390230749,Lewis St,M,S1400,0.008448923623941,-76.896140000060939,40.298009000415107
379,79,110479897861,River St,M,S1400,0.004542314823137,-76.904514999567539,40.295730999685929
380,79,110479897861,River St,M,S1400,0.004542314823137,-76.904244622890985,40.296596096232918
381,79,110479897861,River St,M,S1400,0.004542314823137,-76.903936594298330,40.297450729167849
382,79,110479897861,River St,M,S1400,0.004542314823137,-76.903624489978199,40.298303896207869
383,79,110479897861,River St,M,S1400,0.004542314823137,-76.903314127644819,40.299157699967907
384,79,110479897861,River St,M,S1400,0.004542314823137,-76.903008000219018,40.300013000199840
385,80,110479900861,Orleans St,M,S1400,0.002923724164763,-76.900422999721627,40.296886999935168
386,80,110479900861,Orleans St,M,S1400,0.002923724164763,-76.900371659224675,40.297469336140978
387,80,110479900861,Orleans St,M,S1400,0.002923724164763,-76.900315197987936,40.298050957385840
388,80,110479900861,Orleans St,M,S1400,0.002923724164763,-76.900253666373544,40.298632452725542
389,80,110479900861,Orleans St,M,S1400,0.002923724164763,-76.900195432573128,40.299214284411732
390,80,110479900861,Orleans St,M,S1400,0.002923724164763,-76.900135999976385,40.299796000085394
391,81,1106087390083,Fulton Aly,M,S1400,0.003792327765671,-76.897882000354002,40.295336000356201
392,81,1106087390083,Fulton Aly,M,S1400,0.003792327765671,-76.897801339260354,40.296089326461299
393,81,1106087390083,Fulton Aly,M,S1400,0.003792327765671,-76.897695285808766,40.296840320624369
394,81,1106087390083,Fulton Aly,M,S1400,0.003792327765671,-76.897593108435160,40.297591869669077
395,81,1106087390083,Fulton Aly,M,S1400,0.003792327765671,-76.897489465166643,40.298343195681980
396,81,1106087390083,Fulton Aly,M,S1400,0.003792327765671,-76.897381999779441,40.299094000088076
397,82,110479894905,Hugh Aly,M,S1400,0.000199119541485,-76.897381999779441,40.299094000088076
398,82,110479894905,Hugh Aly,M,S1400,0.000199119541485,-76.897342483568707,40.299089060112067
399,82,110479894905,Hugh Aly,M,S1400,0.000199119541485,-76.897302862137337,40.299085053632382
400,82,110479894905,Hugh Aly,M,S1400,0.000199119541485,-76.897263238907328,40.299081057944534
401,82,110479894905,Hugh Aly,M,S1400,0.000199119541485,-76.897223615677262,40.299077062256686
402,82,110479894905,Hugh Aly,M,S1400,0.000199119541485,-76.897183999641811,40.299073000019007
403,84,1103704128280,N Front St,M,S1400,0.007803500950945,-76.905654999978253,40.290988000395942
404,84,1103704128280,N Front St,M,S1400,0.007803500950945,-76.906023668957118,40.292491444724419
405,84,1103704128280,N Front St,M,S1400,0.007803500950945,-76.905970165590645,40.294041311157628
406,84,1103704128280,N Front St,M,S1400,0.007803500950945,-76.905561158420710,40.295546068496321
407,84,1103704128280,N Front St,M,S1400,0.007803500950945,-76.905077809693125,40.297030032609996
408,84,1103704128280,N Front St,M,S1400,0.007803500950945,-76.904573999590355,40.298506999998096
409,85,110479893647,N 2nd St,M,S1400,0.019061933036179,-76.904457999636918,40.291104000349378
410,85,110479893647,N 2nd St,M,S1400,0.019061933036179,-76.903944386024534,40.294881545946623
411,85,110479893647,N 2nd St,M,S1400,0.019061933036179,-76.902805579913547,40.298505811993664
412,85,110479893647,N 2nd St,M,S1400,0.019061933036179,-76.901554131018315,40.302106138987199
413,85,110479893647,N 2nd St,M,S1400,0.019061933036179,-76.900466222937780,40.305759990930881
414,85,110479893647,N 2nd St,M,S1400,0.019061933036179,-76.899366000440523,40.309410000071523
415,86,1102390194020,Green St,M,S1400,0.023651297253612,-76.902897999642903,40.291169999795727
416,86,1102390194020,Green St,M,S1400,0.023651297253612,-76.902217807305931,40.295844561577326
417,86,1102390194020,Green St,M,S1400,0.023651297253612,-76.900631736865137,40.300299107817636
418,86,1102390194020,Green St,M,S1400,0.023651297253612,-76.899332328923776,40.304847184450068
419,86,1102390194020,Green St,M,S1400,0.023651297253612,-76.897977001137633,40.309379111057183
420,86,1102390194020,Green St,M,S1400,0.023651297253612,-76.894212000183643,40.309381999679601
421,88,1102302835731,N 6th St,M,S1400,0.007407323972619,-76.895041972808770,40.291542087997016
422,88,1102302835731,N 6th St,M,S1400,0.007407323972619,-76.895234025729678,40.293010233035886
423,88,1102302835731,N 6th St,M,S1400,0.007407323972619,-76.895405755770980,40.294480941142581
424,88,1102302835731,N 6th St,M,S1400,0.007407323972619,-76.895386600211395,40.295957037087646
425,88,1102302835731,N 6th St,M,S1400,0.007407323972619,-76.895229387026575,40.297430029472309
426,88,1102302835731,N 6th St,M,S1400,0.007407323972619,-76.895072000272535,40.298903000273299
427,89,110479894973,Kemp Aly,M,S1400,0.000294187219859,-76.896179000060783,40.295218000310513
428,89,110479894973,Kemp Aly,M,S1400,0.000294187219859,-76.896137999968687,40.295260200098198
429,89,110479894973,Kemp Aly,M,S1400,0.000294187219859,-76.896096999876590,40.295302399885884
430,89,110479894973,Kemp Aly,M,S1400,0.000294187219859,-76.896055999784551,40.295344600572889
431,89,110479894973,Kemp Aly,M,S1400,0.000294187219859,-76.896014999692454,40.295386800360575
432,89,110479894973,Kemp Aly,M,S1400,0.000294187219859,-76.895973999600358,40.295429000148317
433,90,110479900045,Vaughn St,M,S1400,0.002381064069279,-76.903924000192433,40.300095000384033
434,90,110479900045,Vaughn St,M,S1400,0.002381064069279,-76.903450460370436,40.300046079962669
435,90,110479900045,Vaughn St,M,S1400,0.002381064069279,-76.902975593149051,40.300010354394374
436,90,110479900045,Vaughn St,M,S1400,0.002381064069279,-76.902500830249096,40.299973231279637
437,90,110479900045,Vaughn St,M,S1400,0.002381064069279,-76.902025967524366,40.299937403188665
438,90,110479900045,Vaughn St,M,S1400,0.002381064069279,-76.901550999578944,40.299902999623782
